entity;value;synonyms
Depute_e;PAGANI Rémy;Rémy:PAGANI
Depute_e;WENGER Saliha;Saliha:WENGER:Salika
Depute_e;ZAUGG Christian;Christian:ZAUGG:ZAUG:ZOG:ZOGG
Depute_e;HALLER Jocelyne;Jocelyne:HALLER:HALER
Depute_e;ENILINE Alexander;Alexander:ENILINE
Depute_e;CRUCHON Pablo;Pablo:CRUCHON
Depute_e;VALENTINO Stéphanie;Stéphanie:VALENTINO
Depute_e;BURGERMEISTER Jean;Jean:BURGERMEISTER
Depute_e;ECUYER Hélène;Hélène:ECUYER
Depute_e;ISSOM David-Zacharie;David:Zacharie:ISSOM:ISOM
Depute_e;OSSMANN Sekna;Sekna:OSSMANN:OSMANN:OSSMAN
Depute_e;NYFFELER BATOU Françoise;Françoise:NYFFELER:BATOU:NIFFELER:NYFELLER
Depute_e;JANUZI Bashkim;Bashkim:JANUZI:Baskim:JANUZZI
Depute_e;ECUYER Sébastien;Sébastien:ECUYER
Depute_e;OVETT BONDI Davinia;Davinia:OVETT:BONDI:OVET
Depute_e;JIMENEZ Jean-Daniel;Jean:Daniel:JIMENEZ
Depute_e;ECUYER Annick;Annick:ECUYER
Depute_e;PERADOTTO Julie;Julie:PERADOTTO:PERADOTO:PERRADOTO:PERADOTTO
Depute_e;MANRÍQUEZ Matías;Matías:MANRÍQUEZ
Depute_e;ZEHFUS Yves;Yves:ZEHFUS:ZHEFUS:ZEHFUSS:ZHEFUSS
Depute_e;ZAUGG Daniel;Daniel:ZAUGG:ZAUG:ZOG:ZOGG
Depute_e;PEREZ Maria;Maria:PEREZ:Lou
Depute_e;SCHNEBLI Tobias;Tobias:SCHNEBLI:Tobia:SHNEBLI
Depute_e;MISSOH DZIKUNOO Massan;Massan:MISSOH:DZIKUNOO:DZIKOUNO:MISSO:MISHO
Depute_e;MARTENOT Aude;Aude:MARTENOT
Depute_e;VANEK Pierre;Pierre:VANEK:VANECK
Depute_e;CLEMENT Patrice;Patrice:CLEMENT
Depute_e;PREZIOSO BATOU Stefania;Stefania:PREZIOSO:BATOU:PRESIOSO
Depute_e;ESAKI KABEYA Elisabeth;Elisabeth:ESAKI:KABEYA
Depute_e;LANGFORD Pia;Pia:LANGFORD
Depute_e;VINCENT Michel;Michel:VINCENT
Depute_e;RUMPCZYK Delphine;Delphine:RUMPCZYK:RUMPTCHIK:RUMPTCHYK:RUMPZYK
Depute_e;SALM DARBOE Karijn;Karijn:SALM:DARBOE
Depute_e;ANDENMATTEN David;David:ANDENMATTEN:ANDENMATEN
Depute_e;SCHMID Audrey;Audrey:SCHMID:SCHMIT:SCHMITT
Depute_e;GUEVARA Francisco;Francisco:GUEVARA
Depute_e;BATOU Jean;Jean:BATOU
Depute_e;STEBLER GUENAT Henriette;Henriette:STEBLER:GUENAT:GUENAZ:GUENAD
Depute_e;EDJEOU Corinne;Corinne:EDJEOU:BUNTSCHU:BUNTCHU
Depute_e;ZAUGG Cecilia;"Cecilia:ZAUGG;ZAUG:ZOG:ZOGG"
Depute_e;BAUD Olivier;Olivier:BAUD:BEAUD:BEAU
Depute_e;ZBINDEN Livia;Livia:ZBINDEN
Depute_e;ROSSEL Pascal;Pascal:ROSSEL:ROSEL:ROSSELL
Depute_e;BAYENET Pierre;Pierre:BAYENET:BAIENET
Depute_e;BAILAT Ariane;Ariane:BAILAT:BAILLAT
Depute_e;MAILLEFER Denise;Denise:MAILLEFER:MAILEFER
Depute_e;MEIERHOFER MANYAGOUA BOUMTCHÉ Charlotte;Charlotte:MEIERHOFER:MANYAGOUA:BOUMTCHÉ:MEIERHOFFER:MANIAGOUA
Depute_e;BLANCHET Marjo;Marjo:BLANCHET
Depute_e;MARTI Werner;Werner:MARTI:MARTY
Depute_e;KHAOUCHI Corinne;Corinne:KHAOUCHI:KAOUCHI:KAHOUCHI
Depute_e;BOLAY ROBIN Stéphanie;Stéphanie:BOLAY:ROBIN
Depute_e;BLANCO Luis;Luis:BLANCO
Depute_e;MAMIN François;François:MAMIN
Depute_e;DE MELO MARCELINO Amélia;Amélia:DE:MELO:MARCELINO
Depute_e;BOUZID Mohamed;Mohamed:BOUZID
Depute_e;BOUJEMAA Sanae;Sanae:BOUJEMAA:BOUJEMA
Depute_e;GALLAND Eduardo;Eduardo:GALLAND:GALLANT
Depute_e;JELK Andrée;Andrée:JELK:JELK:PEILA:JELCK:PELA
Depute_e;CASTRO Gloria;Gloria:CASTRO
Depute_e;CAMELO Alfredo;Alfredo:CAMELO
Depute_e;NOETZLIN Simon;Simon:NOETZLIN
Depute_e;DURAKU Fitore;Fitore:DURAKU
Depute_e;DURAKU Edon;Edon:DURAKU
Depute_e;FERREIRA Elisabeth;Elisabeth:FERREIRA:FEREIRAI:FERRERA
Depute_e;CHRISTINAT Jean-David;Jean:David:CHRISTINAT:CHRISTINA
Depute_e;GERARDO FÉLIZ GRUBI Ynes;Ynes:GERARDO:FÉLIZ:GRUBI:FELIX
Depute_e;CARLO Xavier;Xavier:CARLO
Depute_e;SAHIN Gazi;Gazi:SAHIN
Depute_e;HODGERS Antonio;Antonio:HODGERS
Depute_e;DE CHASTONAY Marjorie;Marjorie:DE:CHASTONAY:DECHASTONAY:DE CHASTONNAY:DE CHASTONAIT
Depute_e;ROCHAT Yvan;Yvan:ROCHAT
Depute_e;PERLER Frédérique;Frédérique:PERLER
Depute_e;BUSCHBECK Mathias;Mathias:BUSCHBECK:BUCHBECK:BUSHBECK:BUSCHBEK
Depute_e;LEFORT François;François:LEFORT
Depute_e;LEONELLI Katia;Katia:LEONELLI:LEONNELLI:LEONELI
Depute_e;MACCHIAVELLI Marta;Marta:MACCHIAVELLI:Marta:Julia:MACHIAVELLI:MACCHIAVELI
Depute_e;MAKOSSO William;William:MAKOSSO:MAKOSO:MACKOSSO
Depute_e;MARTIN David;David:MARTIN
Depute_e;MÜLLER SONTAG Corinne;Corinne:MÜLLER:SONTAG
Depute_e;NICOLET-DIT-FELIX Julien;Julien:NICOLET:DIT:FELIX
Depute_e;NOËL Philippe;Philippe:NOËL
Depute_e;ORIOLO Alessandra;Alessandra:ORIOLO:ORIOLLO
Depute_e;OZTÜRK Dilara;Dilara:OZTÜRK
Depute_e;PASQUIER Isabelle;Isabelle:PASQUIER:PASQUIER:EICHENBERGER
Depute_e;POGET Philippe;Philippe:POGET
Depute_e;QUIJANO GARCIA Maria;Maria:QUIJANO:GARCIA:Maria:José
Depute_e;RODRIGUEZ Mario;Mario:RODRIGUEZ:RODRIGUES
Depute_e;ROGG Catharina;Catharina:ROGG:Olowine:ROG
Depute_e;ROSSIAUD Jean;Jean:ROSSIAUD:ROSSIAUT
Depute_e;SAA BAUD Yubitza;Yubitza:SAA:BAUD:Youbitza:BEAUD
Depute_e;SCHALK Antoine;Antoine:SCHALK
Depute_e;SCHAUFELBERGER Esther;Esther:SCHAUFELBERGER
Depute_e;SORDET Adrienne;Adrienne:SORDET
Depute_e;TALEGHANI Majid;Majid:TALEGHANI:TALEGANI:TALEGANNI
Depute_e;TCHAMKERTEN Jolanka;Jolanka:TCHAMKERTEN
Depute_e;TIGUEMOUNINE Sabine;Sabine:TIGUEMOUNINE
Depute_e;TINGUELY Dominique;Dominique:TINGUELY
Depute_e;TSCHUDI Paloma;Paloma:TSCHUDI:TCHUDI
Depute_e;VAN WOERDEN Wendy;Wendy:VAN:WOERDEN
Depute_e;VEIGA ARIAS Damian;Damian:VEIGA:ARIAS:VEIGA:LÖFFEL
Depute_e;WISARD PRADO Leyma;Leyma:WISARD:PRADO:WIZARD:WISART
Depute_e;YUNUS EBENER Mariam;Mariam:YUNUS:EBENER:Maryam
Depute_e;AMATO Maurice;Maurice:AMATO:AMSELEM:OSSIPOV
Depute_e;AMSELLEM Benedicte;Benedicte:AMSELLEM:AMSELLEM:OSSIPOW:AMSELEM:OSSIPOV
Depute_e;ARDIZZONE Ivan;Ivan:ARDIZZONE
Depute_e;AZZABI Omar;Omar:AZZABI:AZABBI
Depute_e;BÄNZIGER Ruth;Ruth:BÄNZIGER
Depute_e;BARCIELA VILLAR Ana;Ana:BARCIELA:VILLAR
Depute_e;BAVAREL Christian;Christian:BAVAREL
Depute_e;BOCCARD Damien;Damien:BOCCARD:Damien:Baptiste:BOCARD
Depute_e;BONNY Didier;Didier:BONNY
Depute_e;BONVIN BONFANTI Anne;Anne:BONVIN:BONFANTI
Depute_e;BUCHER Denis;Denis:BUCHER
Depute_e;BUENZOD Christian;Christian:BUENZOD
Depute_e;BUI Aurore;Aurore:BUI:BUY
Depute_e;CABITZA Marina;Marina:CABITZA
Depute_e;CALAME Boris;Boris:CALAME
Depute_e;CALAME Fabrice;Fabrice:CALAME
Depute_e;CHAUDIEU Anne;Anne:CHAUDIEU
Depute_e;CONCHA Celtia;Celtia:CONCHA
Depute_e;CORPATAUX Laurence;Laurence:CORPATAUX:CORPATAUX
Depute_e;DALPHIN Marc;Marc:DALPHIN:DALFIN
Depute_e;DE FELICE Nicolas;Nicolas:DE:FELICE
Depute_e;DE MAIO Sara;Sara:DE:MAIO
Depute_e;DE MATTEIS Yves;Yves:DE:MATTEIS:DE MATEIS
Depute_e;DE ROUGEMONT Philippe;Philippe:DE:ROUGEMONT
Depute_e;DESBIOLLES Sophie;Sophie:DESBIOLLES
Depute_e;DESCOMBES Isabelle;Isabelle:DESCOMBES:DECOMBES
Depute_e;DUJOUX Valentin;Valentin:DUJOUX
Depute_e;DUPUIS Renaud;Renaud:DUPUIS
Depute_e;EBENER Christophe;Christophe:EBENER
Depute_e;ECKERT Pierre;Pierre:ECKERT:EKERT
Depute_e;FISCHER Fabienne;Fabienne:FISCHER
Depute_e;FREYMOND Pascal;Pascal:FREYMOND:FREYMONT
Depute_e;GEOFFROY Elias;Elias:GEOFFROY:GEOFROY
Depute_e;GOMEZ Alfonso;Alfonso:GOMEZ
Depute_e;HAAS François;François:HAAS:HAS
Depute_e;HARTMANN Esther;Esther:HARTMANN:HARTMAN
Depute_e;HEBERLEIN SIMONETT Claudia;Claudia:HEBERLEIN:SIMONETT:SIMONET
Depute_e;HERREN Yves;Yves:HERREN
Depute_e;KHAMIS VANNINI Uzma;Uzma:KHAMIS:VANNINI:KAMIS
Depute_e;KLOPFENSTEIN BROGGINI Delphine;Delphine:KLOPFENSTEIN:BROGGINI:BOGINI
Depute_e;KÜNDIG Ralph;Ralph:KÜNDIG
Depute_e;LATOUR Sabine;Sabine:LATOUR
Depute_e;EMERY-TORRACINTA Anne;Anne:EMERY:TORRACINTA:TORACINTA
Depute_e;APOTHÉLOZ Thierry;Thierry:APOTHÉLOZ
Depute_e;SALERNO Sandrine;Sandrine:SALERNO
Depute_e;DE SAINTE-MARIE Romain;Romain:DE:SAINTE:MARIE
Depute_e;KAST Carole-Anne;Carole:Anne:KAST
Depute_e;WENGER Thomas;Thomas:WENGER
Depute_e;MARTI Caroline;Caroline:MARTI:MARTY
Depute_e;BANDLER Marko;Marko:BANDLER
Depute_e;MOYARD MIZRAHI Salima;Salima:MOYARD:MIZRAHI
Depute_e;DANDRÈS Christian;Christian:DANDRÈS
Depute_e;VERISSIMO DE FREITAS Helena;Helena:VERISSIMO:DE:FREITAS
Depute_e;CARASSO Grégoire;Grégoire:CARASSO
Depute_e;SOBANEK Marion;Marion:SOBANEK:SOBANECK
Depute_e;THÉVOZ Sylvain;Sylvain:THÉVOZ
Depute_e;CONTI Jennifer;Jennifer:CONTI
Depute_e;STAUB Martin;Martin:STAUB:GRECUCIO
Depute_e;VALIQUER GRECUCCIO Nicole;Nicole:VALIQUER:GRECUCCIO
Depute_e;RIELLE Jean Charles;Jean:Charles:RIELLE
Depute_e;GAVILANES Amanda;Amanda:GAVILANES
Depute_e;MIZRAHI Cyril;Cyril:MIZRAHI
Depute_e;CASARES Maria Jesus;Maria:Jesus:CASARES
Depute_e;POMATTO Michel;Michel:POMATTO
Depute_e;STRASSER Léna;Léna:STRASSER
Depute_e;KOKOT Guilhem;Guilhem:KOKOT
Depute_e;ROMANO Maria;Maria:ROMANO:Maria:Vittoria
Depute_e;MUSSA Ahmed;Ahmed:MUSSA:Youniss
Depute_e;OSMANI Xhevrie;Xhevrie:OSMANI
Depute_e;ESTEBAN Diego;Diego:ESTEBAN
Depute_e;BAILLON Glenna;Glenna:BAILLON
Depute_e;EYA NCHAMA Cruz Melchor;Cruz:Melchor:EYA:NCHAMA
Depute_e;BRANDRUP Gladys;Gladys:BRANDRUP:ACOSTA:BRANDRUP
Depute_e;CHIARADONNA Denis;Denis:CHIARADONNA:CHIARADONA
Depute_e;LÜTHI Badia;Badia:LÜTHI:LUTHY
Depute_e;CLEMENCE Nicolas;Nicolas:CLEMENCE
Depute_e;VATRE Patricia;Patricia:VATRE
Depute_e;ZIMMERMANN Michel;Michel:ZIMMERMANN:ZIMERMANN:ZIMMERMAN
Depute_e;VIRET Dora;Dora:VIRET:Cécilia
Depute_e;VELASCO Alberto;Alberto:VELASCO:FAVRE
Depute_e;FABRE Michel;Michel:FABRE
Depute_e;DE BATTISTA Regis;Regis:DE:BATTISTA:DE BATISTA
Depute_e;DEONNA Emmanuel;Emmanuel:DEONNA:DEONA
Depute_e;TOMBOLA Jean-Pierre;Jean:Pierre:TOMBOLA
Depute_e;KEEL Theo;Theo:KEEL
Depute_e;LAPALUD Patrick;Patrick:LAPALUD
Depute_e;BARRY Thierno;Thierno:BARRY
Depute_e;HALIMI Hysri;Hysri:HALIMI
Depute_e;GAJARDO MUNOZ Jorge;Jorge:GAJARDO:MUNOZ
Depute_e;ALONSO UNICA Manuel;Manuel:ALONSO:UNICA
Depute_e;BALDINI Frédéric;Frédéric:BALDINI
Depute_e;BRUCHEZ Thomas;Thomas:BRUCHEZ
Depute_e;BENDA Benjamin;Benjamin:BENDA
Depute_e;BURKHARD Roland;Roland:BURKHARD:BURKHART:BURKARDT
Depute_e;BOSSHARD Pierre Yves;Pierre:Yves:BOSSHARD:BOSSHART:BOSSARDT
Depute_e;KURTESHI Ismet;Ismet:KURTESHI:KURTECHI
Depute_e;MAUDET Pierre;Pierre:MAUDET
Depute_e;FONTANET Nathalie;Nathalie:FONTANET
Depute_e;DE SENARCLENS Alexandre;Alexandre:DE:SENARCLENS
Depute_e;DE MONTMOLLIN Simone;Simone:DE:MONTMOLLIN:MONTMOLIN
Depute_e;MOREL Philippe;Philippe:MOREL
Depute_e;PUTALLAZ Jean;Jean:PUTALLAZ:Jean:ROMAIN:PUTALAZ
Depute_e;SAUDAN Patrick;Patrick:SAUDAN
Depute_e;SELLEGER Charles;Charles:SELLEGER
Depute_e;UEHLINGER Pascal;Pascal:UEHLINGER:UELINGER
Depute_e;VUILLOD Georges;Georges:VUILLOD:VUILLOT
Depute_e;WICKY Raymond;Raymond:WICKY:WICKI
Depute_e;ZUBER Céline;Céline:ZUBER:ROY
Depute_e;ZWEIFEL Yvan;Yvan:ZWEIFEL:ZWEIFFEL
Depute_e;AELLEN Cyril;Cyril:AELLEN:AELEN
Depute_e;ALDER Murat Julian;Murat:Julian:ALDER
Depute_e;BARBEY Alexis;Alexis:BARBEY:BARBET
Depute_e;BARDE Antoine;Antoine:BARDE
Depute_e;BÉNÉ Jacques;Jacques:BÉNÉ
Depute_e;DE CANDOLLE Beatriz;Beatriz:DE:CANDOLLE:CANDOLE
Depute_e;CONNE Pierre;Pierre:CONNE
Depute_e;CUENDET Edouard;Edouard:CUENDET
Depute_e;HARDYN Nathalie;Nathalie:HARDYN:HARDIN
Depute_e;HILTPOLD Serge;Serge:HILTPOLD:HITPOLD
Depute_e;MALEK-ASGHAR Patrick;Patrick:MALEK:ASGHAR:MALECK:AGSHAR
Depute_e;MONBARON Fabienne;Fabienne:MONBARON:MONBARON:STRESS:STRES
Depute_e;MORAND Louise;Louise:MORAND:MORANT
Depute_e;NICOLLIER Pierre;Pierre:NICOLLIER:NICOLIER
Depute_e;OPPLIGER Danielle;Danielle:OPPLIGER:OPLIGER:OPPLIGGER
Depute_e;ORSINI Antoine;Antoine:ORSINI
Depute_e;PASQUIER Jean-Pierre;Jean:Pierre:PASQUIER
Depute_e;PATEK Serge;Serge:PATEK
Depute_e;DE PLANTA Francine;Francine:DE:PLANTA
Depute_e;RANA ZOLANA Ginior;Ginior:RANA:ZOLANA
Depute_e;RIGOTTI Maria;Maria:RIGOTTI:Helena:RIGOTI
Depute_e;ROULLET Michèle;Michèle:ROULLET
Depute_e;SCHALLER Vincent;Vincent:SCHALLER:SCHALER
Depute_e;SCHNEEBELI Roland-Daniel;Roland:Daniel:SCHNEEBELI:SCHEBELI:SCHEEBBELI
Depute_e;SENGLET Christophe;Christophe:SENGLET
Depute_e;SERRANO Philippe;Philippe:SERRANO:SERANO
Depute_e;SOMMER Monika;Monika:SOMMER:SOMER:SOMERE
Depute_e;STEINER Matthieu;Matthieu:STEINER
Depute_e;SUBILIA Vincent;Vincent:SUBILIA
Depute_e;TABOADA Francisco;Francisco:TABOADA
Depute_e;TSCHOPP Laurent;Laurent:TSCHOPP:TCHOPP:TSHOPP
Depute_e;WAVRE Rolin;Rolin:WAVRE
Depute_e;WICKI Guy;Guy:WICKI:WICKY:WYCKI
Depute_e;WOLFISBERG François;François:WOLFISBERG
Depute_e;AGRAMUNT Gian-Reto;Gian:Reto:AGRAMUNT
Depute_e;APOTHÉLOZ Jacques;Jacques:APOTHÉLOZ
Depute_e;AUBERT Nicolas;Nicolas:AUBERT
Depute_e;BARBIER-MUELLER Diane;Diane:BARBIER:MUELLER
Depute_e;BELLINGERI Stefano Vito;Stefano:Vito:BELLINGERI:BELINGERI
Depute_e;BERSIER Julie;Julie:BERSIER
Depute_e;BLANCH Richard-Pascal;Richard:Pascal:BLANCH:Pascal
Depute_e;BÖHLER Frances;Frances:BÖHLER:Elizabeth:BÖHLER:GOODSHIP:BÖLLER
Depute_e;BOUVIER Christine;Christine:BOUVIER
Depute_e;BRANDT Simon;Simon:BRANDT:BRAND:BRANT
Depute_e;BRON Gilles-Olivier;Gilles:Olivier:BRON
Depute_e;BRUNEL Mayori;Mayori:BRUNEL:BRUNELL:BRUNNEL
Depute_e;BURRI Rémy;Rémy:BURRI
Depute_e;CORNU Renate;Renate:CORNU
Depute_e;CREFFIELD Conrad;Conrad:CREFFIELD
Depute_e;DAHER Vincent;Vincent:DAHER
Depute_e;DÉROBERT Thierry;Thierry:DÉROBERT
Depute_e;DESFAYES Natacha;Natacha:DESFAYES:BUFFET:DESFAYES
Depute_e;DOUZALS Jacques;Jacques:DOUZALS
Depute_e;FISS Joëlle;Joëlle:FISS
Depute_e;GENECAND Adrien;Adrien:GENECAND
Depute_e;GIACOBINO Donata;Donata:GIACOBINO:Nadia:GIACOBINO:FROIDEVAUX
Depute_e;GRAND Eric;Eric:GRAND
Depute_e;GROGNUZ Fabien;Fabien:GROGNUZ
Depute_e;JAY Sylvie;Sylvie:JAY
Depute_e;JUD Philippe;Philippe:JUD
Depute_e;KÄMPFEN Véronique;Véronique:KÄMPFEN
Depute_e;LÄMMEL Valérie;Valérie:LÄMMEL:LAEMMEL:JUILLARD
Depute_e;LEISER Jean-Marc;Jean:Marc:LEISER
Depute_e;LOCHER Jean;Jean:LOCHER
Depute_e;LUZZATTO Christine;Christine:LUZZATTO:LUZATO:LUZZATO:LUZATTO
Depute_e;MESSERLI Marie-Claire;Marie:Claire:MESSERLI
Depute_e;MEYER Philippe;Philippe:MEYER:MEIER
Depute_e;BARTHASSAT Luc;Luc:BARTHASSAT:BARTASSAT
Depute_e;DAL BUSCO Serge;Serge:DAL:BUSCO
Depute_e;BUCHS Bertrand;Bertrand:BUCHS
Depute_e;AEBI Benjamin;Benjamin:AEBI
Depute_e;ANGELOZZI Philippe;Philippe:ANGELOZZI
Depute_e;VON ARX-VERNON Anne-Marie;Anne:Marie:VON:ARX:VERNON
Depute_e;BACHMANN Delphine;Delphine:BACHMANN:BACHMAN
Depute_e;BIDAUX Patricia;Patricia:BIDAUX:BIDAUX:RODRIGUEZ:RODRIGUES
Depute_e;BLONDIN Jacques;Jacques:BLONDIN
Depute_e;BOCQUET Claude;Claude:BOCQUET
Depute_e;BOURBALA Djamel;Djamel:BOURBALA
Depute_e;BOUVIER Jérémy;Jérémy:BOUVIER
Depute_e;BUGNION Jean-Michel;Jean:Michel:BUGNION
Depute_e;CASUTT Martine;Martine:CASUTT:CASUT:KASUTT
Depute_e;CERUTTI Olivier;Olivier:CERUTTI:CERUTI:CERRUTI:CERUTTI
Depute_e;CHAKER MANGEAT Alia;Alia:CHAKER:MANGEAT
Depute_e;CHEVALIER Alexandre;Alexandre:CHEVALIER
Depute_e;DECREY Christophe;Christophe:DECREY
Depute_e;DELUERMOZ Cosima;Cosima:DELUERMOZ
Depute_e;DESFAYES Sébastien;Sébastien:DESFAYES:DEFAYES:DESFAYE
Depute_e;DULEX Christophe;Christophe:DULEX
Depute_e;DUPONT Thérèse;Thérèse:DUPONT
Depute_e;ENGELBERTS Marie-Thérèse;Marie:Thérèse:ENGELBERTS:ENGELBERTS:LEONE
Depute_e;FISCHER Daniel;Daniel:FISCHER
Depute_e;FORNI Jean-Luc;Jean:Luc:FORNI
Depute_e;FOURNIER Nicolas;Nicolas:FOURNIER
Depute_e;FRISCHKNECHT Catherine;Catherine:FRISCHKNECHT:FRICHKNECHT
Depute_e;GACHE Hélène;Hélène:GACHE
Depute_e;GASHI Sami;Sami:GASHI
Depute_e;GIANNASI Anthony;Anthony:GIANNASI:GIANASI
Depute_e;GIANNELLI Mark;Mark:GIANNELLI:GIANELI:GIANELLI:GIANNELI
Depute_e;GIORIA Gaëlle;Gaëlle:GIORIA
Depute_e;GUINCHARD Jean-Marc;Jean:Marc:GUINCHARD:GUINCHART
Depute_e;DE KALBERMATTEN Alain;Alain:DE:KALBERMATTEN:KALBERMATEN
Depute_e;KHATTABI HASSAR Houda;Houda:KHATTABI:HASSAR:KATTABI:KATABI
Depute_e;KUNZ Laurence;Laurence:KUNZ
Depute_e;LANCE François;François:LANCE
Depute_e;LATHION Jean Charles;Jean:Charles:LATHION
Depute_e;LEHNER Laurent;Laurent:LEHNER
Depute_e;LUPO Paolo;Paolo:LUPO
Depute_e;MAGNIN Xavier;Xavier:MAGNIN
Depute_e;MAGNIN Yves;Yves:MAGNIN
Depute_e;MAITRE Vincent;Vincent:MAITRE
Depute_e;MAKKI Michela;Michela:MAKKI:Michèle
Depute_e;MEISSNER REYFER Christine;Christine:MEISSNER:REYFER:Christina
Depute_e;MERLE Emmanuelle;Emmanuelle:MERLE
Depute_e;METTAN Guy;Guy:METTAN
Depute_e;MEYER DE STADELHOFEN Philippe;Philippe:MEYER:DE:STADELHOFEN:STADELOFFEN
Depute_e;MONDOUX Alexandre;Alexandre:MONDOUX
Depute_e;MORONI Catherine;Catherine:MORONI
Depute_e;NEUDER Isabelle;Isabelle:NEUDER
Depute_e;OUEDRAOGO Moustapha;Moustapha:OUEDRAOGO
Depute_e;PERRET Vincent;Vincent:PERRET
Depute_e;PFEIFFER Alex;Alex:PFEIFFER
Depute_e;PROGIN Christian;Christian:PROGIN
Depute_e;PUTALLAZ Thomas;Thomas:PUTALLAZ:PUTALAZ
Depute_e;RASOLO Daniel;Daniel:RASOLO
Depute_e;RUCHET Philippe;Philippe:RUCHET
Depute_e;RYS Alexandra;Alexandra:RYS
Depute_e;SAUDAN Guy;Guy:SAUDAN
Depute_e;SAYEGH Souheil;Souheil:SAYEGH:SAYEHG:SAYEG
Depute_e;SCANDURRA Alessandro;Alessandro:SCANDURRA:SCANDURA
Depute_e;SCHMIED Patrick;Patrick:SCHMIED:SCHMITT
Depute_e;SCHRAG Sylvianne;Sylvianne:SCHRAG
Depute_e;SIMOES Jose;Jose:SIMOES
Depute_e;SOPI Dardan;Dardan:SOPI
Depute_e;SQUILLACI Nicola;Nicola:SQUILLACI:SQUILACCI:SQUILACI
Depute_e;STEINBERG CANDRIAN Melinda;Melinda:STEINBERG:CANDRIAN
Depute_e;TOMASSI Christine;Christine:TOMASSI
Depute_e;TREMBLET Laurent;Laurent:TREMBLET:TREMBLAY
Depute_e;UONG Dinh Manh;Dinh:Manh:UONG:Din:Man
Depute_e;VÖLKI Robert;Robert:VÖLKI
Depute_e;VUARNOZ Emanuela;Emanuela:VUARNOZ:Emanuelle
Depute_e;WEHRLI Patrick;Patrick:WEHRLI
Depute_e;ZIMMERMANN Luc;Luc:ZIMMERMANN:ZIMERMANN:ZIMMERMAN
Depute_e;ZIMMERMANN Bertrand;Bertrand:ZIMMERMANN:ZIMERMANN:ZIMMERMAN
Depute_e;NIDEGGER Yves;Yves:NIDEGGER:NIDEGER:NYDEGGER:NYDEGER
Depute_e;BLÄSI Thomas;Thomas:BLÄSI
Depute_e;FLOREY Stéphane;Stéphane:FLOREY
Depute_e;LEYVRAZ Eric;Eric:LEYVRAZ:LEVRAZ:LEYVRAT
Depute_e;FUHRMANN Marc;Marc:FUHRMANN:FUHRMAN:FHURMANN:FHURMAN
Depute_e;LUSSI Patrick;Patrick:LUSSI
Depute_e;IVANOV Christo;Christo:IVANOV
Depute_e;FALQUET Marc;Marc:FALQUET
Depute_e;MAENDLY Norbert;Norbert:MAENDLY:MINDLY:MAENDLI
Depute_e;PFEFFER André;André:PFEFFER:PFEFER
Depute_e;CATELAIN Gilbert;Gilbert:CATELAIN
Depute_e;HULLIGER Patrick;Patrick:HULLIGER:HULIGER:HULLIGGER
Depute_e;MICHAUD Eliane;Eliane:MICHAUD:ANSERMET
Depute_e;SCHERB Peter;Peter:SCHERB:Pierre
Depute_e;STARK Riccardo;Riccardo:STARK:Richard
Depute_e;GUINCHARD Damien;Damien:GUINCHARD
Depute_e;BISOL Walter;Walter:BISOL
Depute_e;MASÉ Zora;Zora:MASÉ:MAZE
Depute_e;VELEN François;François:VELEN
Depute_e;KNÖRR Stephen;Stephen:KNÖRR
Depute_e;RUBELI Pascal;Pascal:RUBELI
Depute_e;LYON Didier;Didier:LYON
Depute_e;PERRENOUD Philippe;Philippe:PERRENOUD:PERNOUD
Depute_e;DUTRUIT André;André:DUTRUIT
Depute_e;ALTENBACH Pascal;Pascal:ALTENBACH
Depute_e;QUEFFÉLEC Philippe;Philippe:QUEFFÉLEC:QUEFELEC
Depute_e;LAPORTE Claude;Claude:LAPORTE
Depute_e;CONTI Virna;Virna:CONTI
Depute_e;PAREL Loïc;Loïc:PAREL
Depute_e;HEDDI Leila;Leila:HEDDI
Depute_e;GOMES DE ALMEIDA José;José:GOMES:DE:ALMEIDA:Manuel
Depute_e;BERTINAT Marie-Agnès;Marie:Agnès:BERTINAT
Depute_e;MOUNLA Alexandre;Alexandre:MOUNLA
Depute_e;DOURNOW David;David:DOURNOW
Depute_e;CHAUSSIVERT Patrice;Patrice:CHAUSSIVERT:CHAUSSIVERRE
Depute_e;KNOLL Tatiana;Tatiana:KNOLL
Depute_e;RIME Alexandre;Alexandre:RIME
Depute_e;DESYATKINA DZODZIEV Viktoriya;Viktoriya:DESYATKINA:DZODZIEV:DZOZIEW:DZOZIEV
Depute_e;THOMAS Sébastien;Sébastien:THOMAS
Depute_e;ROMANENS Mathieu;Mathieu:ROMANENS
Depute_e;SCHWEIZER Adriana;Adriana:SCHWEIZER
Depute_e;KHACHATRYAN Gohar;Gohar:KHACHATRYAN:KACHATRYAN
Depute_e;PRANDO Stéphane;Stéphane:PRANDO
Depute_e;BORER Maria Da Conceicao;Maria:Da:Conceicao:BORER
Depute_e;AKABA El Mostafa;El:Mostafa:AKABA
Depute_e;LÉGUILLON Angèle;Angèle:LÉGUILLON
Depute_e;BONTOUX Caroline;Caroline:BONTOUX
Depute_e;HONEGGER HELLER Manuela;Manuela:HONEGGER:HELLER:HONEGER
Depute_e;OCHARAN ROBLES RAPAZ Eva;Eva:OCHARAN:ROBLES:RAPAZ:OCHARAN:ROBLES:RAPPAZ
Depute_e;DA CRUZ PEDRO Anna;Anna:DA:CRUZ:PEDRO:DA:CRUZ:PERRET:GENTIL:Ana
Depute_e;BORCARD Anne;Anne:BORCARD
Depute_e;MÜLLER Fabienne;Fabienne:MÜLLER:ABRAMOVICH
Depute_e;YOL Diana;Diana:YOL
Depute_e;RANDEGGER Alice;Alice:RANDEGGER:RANDEGER
Depute_e;DEPRAETERE Graciela;Graciela:DEPRAETERE:DEPRAETERE:MANULIS
Depute_e;OZDEMIR Elcim;Elcim:OZDEMIR:Elçim:ÖZDEMIR
Depute_e;RICCIARDI WERLEN Jacqueline;Jacqueline:RICCIARDI:WERLEN:RICHIARDI
Depute_e;ROSSIER FAHRION Cerise;Cerise:ROSSIER:FAHRION:FARION
Depute_e;BOSELLI GAUTHEY Monica;Monica:BOSELLI:GAUTHEY
Depute_e;LAVRADOR DIAS Claudia;Claudia:LAVRADOR:DIAS:DIAS
Depute_e;JAUCH Caroline;Caroline:JAUCH
Depute_e;GRANGE Marie-Florence;Marie:Florence:GRANGE
Depute_e;MAZZONI Nikita;Nikita:MAZZONI:MAZONNI
Depute_e;LANGER Valérie;Valérie:LANGER
Depute_e;MAYORAL EDO Corinne;Corinne:MAYORAL:EDO:MAYORAL
Depute_e;THOMIAS LEDUC Diana;Diana:THOMIAS:LEDUC
Depute_e;ORSINI Magali;Magali:ORSINI
Depute_e;GAUTHIER Pierre;Pierre:GAUTHIER
Depute_e;ARMAND Catherine;Catherine:ARMAND
Depute_e;GUEX Stéphane;Stéphane:GUEX:dit:Guex:Pierre
Depute_e;HUMBERSET Corinne;Corinne:HUMBERSET
Depute_e;RUCKTERSTUHL Jean-Claude;Jean:Claude:RUCKTERSTUHL
Depute_e;LONGO Katrin;Katrin:LONGO
Depute_e;GIROD Nicolas;Nicolas:GIROD
Depute_e;KÜDERLI BERKANE Nicole;Nicole:KÜDERLI:BERKANE
Depute_e;FLAKS Joël;Joël:FLAKS:FLACKS
Depute_e;PERRIN Brigitte;Brigitte:PERRIN
Depute_e;GOUDAL Renaud;Renaud:GOUDAL
Depute_e;MEYNET Danielle;Danielle:MEYNET:MEINET
Depute_e;MEYNET Leon;Leon:MEYNET:MEINET
Depute_e;TURNOWSKY Serge;Serge:TURNOWSKY
Depute_e;ZIMMERMANN Olivier;Olivier:ZIMMERMANN:ZIMERMANN:ZIMMERMAN
Depute_e;CHATELAIN Dimitri;Dimitri:CHATELAIN
Depute_e;STAUFFER Eric;Eric:STAUFFER:STAUFER
Depute_e;ZACHARIAS Ronald;Ronald:ZACHARIAS:ZACCHARIAS:ZACHARRIAS
Depute_e;SARAIVA MEDEIROS Carlos;Carlos:SARAIVA:MEDEIROS:SAREVA:MEDEROS:MEDEYROS
Depute_e;SPÜHLER Pascal;Pascal:SPÜHLER:SPULER
Depute_e;GAETANINO Marco;Marco:GAETANINO
Depute_e;LE JEUNE GIACOBBI Cristina;Cristina:LE:JEUNE:GIACOBBI:GIACOBI:JACCOBI
Depute_e;WALTHER Thierry;Thierry:WALTHER:WALTER
Depute_e;HÜSSY COPPEX Viviana Ximena Anghela;Viviana:Ximena:Anghela:HÜSSY:COPPEX:Angela
Depute_e;LOEILLET-ROUZIER Anne;Anne:LOEILLET:ROUZIER:Marie:L'ŒILLET
Depute_e;FUSCO Gerardo;Gerardo:FUSCO
Depute_e;GAMBERONI Dominique;Dominique:GAMBERONI:GAMBERRONI:GAMBERONNI
Depute_e;NOBS Cyril;Cyril:NOBS
Depute_e;NOËL Daniel;Daniel:NOËL
Depute_e;SANTI Michel;Michel:SANTI
Depute_e;PICOT Jérôme;Jérôme:PICOT
Depute_e;RUCHONNET Jean-François;Jean:François:RUCHONNET:RUCHONET
Depute_e;GALETTO Frédéric;Frédéric:GALETTO:GALLETTO:GAELETO
Depute_e;BECK Victoria;Victoria:BECK:BECH
Depute_e;ANTOINE Jean-Marc;Jean:Marc:ANTOINE
Depute_e;RIME Fatma;Fatma:RIME:Fatima
Depute_e;L'HUILLIER Eric;Eric:L'HUILLIER:LHUILLIER
Depute_e;PARANÁ JÚNIOR Valério;Valério:PARANÁ:JÚNIOR
Depute_e;LOTA Raphaëlle;Raphaëlle:LOTA
Depute_e;THOMSEN Elena;Elena:THOMSEN:MILAKOVA:TOHMSEN
Depute_e;BALLESTEROS Stefan;Stefan:BALLESTEROS:BALESTEROS
Depute_e;FABRE Jean;Jean:FABRE:FAVRE
Depute_e;NGUYEN Van Minh;Van:Minh:NGUYEN:Van Min:N'GUYEN
Depute_e;MARTEL Frédéric;Frédéric:MARTEL
Depute_e;FREY Priscilla;Priscilla:FREY
Depute_e;BRKIC Vitomir;Vitomir:BRKIC:BRKICH
Depute_e;LEVY Yossef;Yossef:LEVY:Hai:Yosef:Josef:Jossef:LEVI
Depute_e;BISSOLI Marion;Marion:BISSOLI:LE:BACQUER:LE BAQUER
Depute_e;COHEN Olivier;Olivier:COHEN
Depute_e;BRUGUIER Michel;Michel:BRUGUIER
Depute_e;SOLTEIRO Jorge;Jorge:SOLTEIRO:SOLTERO
Depute_e;HALIMI Arsim;Arsim:HALIMI
Depute_e;BERLEMONT Alain;Alain:BERLEMONT
Depute_e;GARGANTINI Yves;Yves:GARGANTINI
Depute_e;MAIGRE Maria Inès;Maria:Inès:MAIGRE
Depute_e;FARINHA Horacio;Horacio:FARINHA:FARINA:FARINNA:FARINAH
Depute_e;VIDONNE Thierry;Thierry:VIDONNE:VIODNE
Depute_e;LEITNER André;André:LEITNER
Depute_e;DELACQUIS Cédric;Cédric:DELACQUIS:DELAQUIS
Depute_e;ZAGATO Sophie;Sophie:ZAGATO:ZAGGATO:ZAGATTO
Depute_e;VIDONNE Valérie;Valérie:VIDONNE:VIDONE
Depute_e;FERRAND Guy;Guy:FERRAND:FERAND:FERRANT
Depute_e;KUNZI Nicolas;Nicolas:KUNZI
Depute_e;KUGEL Mark;Mark:KUGEL:KUGGEL
Depute_e;THURNHERR Laurent;Laurent:THURNHERR:TURNER:TURNHERR:THURNHER
Depute_e;VIDONNE David;David:VIDONNE:VIDONE
Depute_e;BEUREUX Silvain;Silvain:BEUREUX
Depute_e;KUNZI Philippe;Philippe:KUNZI
Depute_e;FADER Annette;Annette:FADER:Yasuka
Depute_e;THURNHERR Sylvain;Sylvain:THURNHERR:TURNER:TURNHERR:THURNHER
Depute_e;BEUREUX Johan;Johan:BEUREUX
Depute_e;POGGIA Mauro;Mauro:POGGIA:POGIA
Depute_e;GOLAY Roger;Roger:GOLAY
Depute_e;ROCH Ana Belen;Ana:Belen:ROCH:Anna:Belenne
Depute_e;SORMANNI Daniel;Daniel:SORMANNI:SORMANI
Depute_e;CERUTTI Thierry;Thierry:CERUTTI:CERRUTI:CERUTI
Depute_e;VOUMARD Jean Marie;Jean:Marie:VOUMARD:VOUMART
Depute_e;LE JONCOUR-BRÜLHART Céline;Céline:LE:JONCOUR:BRÜLHART:BRULARTH
Depute_e;BÄRTSCHI François;François:BÄRTSCHI:BARTCHI
Depute_e;PISTIS Sandro;Sandro:PISTIS:PYSTIS:PISTYS
Depute_e;DEROUETTE Jean-Paul;Jean:Paul:DEROUETTE:DEROUETE:DEROUET
Depute_e;MAGNIN Danièle;Danièle:MAGNIN
Depute_e;VALENTIN Francisco;Francisco:VALENTIN
Depute_e;SAPIN Françoise;Françoise:SAPIN
Depute_e;FLURY Christian;Christian:FLURY
Depute_e;GOLAY Sandra;Sandra:GOLAY
Depute_e;PYTHON André;André:PYTHON:PITON
Depute_e;RAPPAZ Henry;Henry:RAPPAZ:RAPAZ
Depute_e;GANDER Florian;Florian:GANDER
Depute_e;DECORVET Christian;Christian:DECORVET:DEVORVET
Depute_e;SONDEREGGER Gabriela;Gabriela:SONDEREGGER:SONDERGGER:SONDEREGER
Depute_e;DIMIER Patrick;Patrick:DIMIER
Depute_e;FONTAINE-VIVE-CURTAZ Jean;Jean:FONTAINE:VIVE:CURTAZ:CURTAT
Depute_e;SAAS Alexandra;Alexandra:SAAS:SAS
Depute_e;ZOGG Thomas;Thomas:ZOGG:ZOG:ZAUG:ZAUGG
Depute_e;PASCARELLA Louise;Louise:PASCARELLA:PASCARELA
Depute_e;FEKKAK Hatem;Hatem:FEKKAK:FEKAK:FEKACK
Depute_e;ANGELO Antonio;Antonio:ANGELO
Depute_e;CATTIN Jean-Pascal;Jean:Pascal:CATTIN:CATIN
Depute_e;BARYEKA Jarek;Jarek:BARYEKA:Jareck:BARIEKA
Depute_e;REICHENBACH Kevin;Kevin:REICHENBACH:REICHENBACK
Depute_e;CHAPOU Frédéric;Frédéric:CHAPOU:CHAPOUT:CHAPOUD
Depute_e;MADANI Amar;Amar:MADANI
Depute_e;LEISI Laurent;Laurent:LEISI:LEYSI
Depute_e;OUDIN Rémy;Rémy:OUDIN:HOUDIN
Depute_e;VILLETTE Jean;Jean:VILLETTE:VILETTE:VILLETE
Depute_e;AMBROSIO François;François:AMBROSIO
Depute_e;TEIXEIRA Albano;Albano:TEIXEIRA
Depute_e;FRAUCHIGER Roger;Roger:FRAUCHIGER:FRAUSCHIGER:FRAUCHIGGER
Depute_e;DELLAGIOVANNA Daniel;Daniel:DELLAGIOVANNA:DELAGIOVANNA:DELLAGIOVANA
Depute_e;ROULIN Claude;Claude:ROULIN
Depute_e;COUTO Armando;Armando:COUTO
Depute_e;NIETO Alexandre;Alexandre:NIETO
Depute_e;CHAOUI Laïla;Laïla:CHAOUI:Leila
Depute_e;SOTOMAYOR André;André:SOTOMAYOR:SOTOMAYORE
Depute_e;DO REGO Ricardo;Ricardo:DO:REGO
Depute_e;VENDRELL Marie;Marie:VENDRELL:VENDREL
Depute_e;MÉNÉTREY Yasmine;Yasmine:MÉNÉTREY:MENETRET
Depute_e;ANGELOZ Claude;Claude:ANGELOZ
Depute_e;LAURENT Pierre-Alain;Pierre:Alain:LAURENT
Depute_e;JAHIJA Burim;Burim:JAHIJA:JHAIJA
Depute_e;DI SALVO Giuseppe;Giuseppe:DI:SALVO
Depute_e;HEIMO Philippe;Philippe:HEIMO:HEIMOT:HEIMOZ
Depute_e;CHAPPAZ Marc;Marc:CHAPPAZ:CHAPAZ
Depute_e;BARRY Minkailou;Minkailou:BARRY:Mincaillou
Depute_e;CATALAN Joëlle;Joëlle:CATALAN
Depute_e;REOLON Bruno;Bruno:REOLON
Depute_e;ALBANESI Jean-François;Jean:François:ALBANESI
Depute_e;KLINGELE Olivier;Olivier:KLINGELE
Depute_e;BENCKER Jeanne;Jeanne:BENCKER:BENKER
Depute_e;MARGUET Tex;Tex:MARGUET
Depute_e;DELMENICO Janine;Janine:DELMENICO
Depute_e;SHLYAPINA Elena;Elena:SHLYAPINA:SHLIAPINA:SHLIAPYNA
Depute_e;MUDRY Yves;Yves:MUDRY
Depute_e;GOSTOLI Gérard;Gérard:GOSTOLI
Depute_e;YAU Helen;Helen:YAU
Depute_e;INNOCENTI Flavio;Flavio:INNOCENTI:INOCENTI:INNOCENTTI:INOCENTTI
Depute_e;COVER Sabina;Sabina:COVER
Depute_e;AMBORD Cédric;Cédric:AMBORD:Sandro
Depute_e;GARCIA Javier;Javier:GARCIA
Depute_e;BELCASTRO DE LUCA Nathalie;Nathalie:BELCASTRO:DE:LUCA:DE LUCCA
Depute_e;ZBINDEN Jean-Luc;Jean:Luc:ZBINDEN
Depute_e;AHDAB Ahmad;Ahmad:AHDAB:Chawki:ADHAB:Amahd
Depute_e;BAIUNCO Aurora;Aurora:BAIUNCO
Depute_e;OLIVEIRA Rui;Rui:OLIVEIRA:OLIVERA
Depute_e;PASTORE Daniel;Daniel:PASTORE:Dany
Depute_e;DRASKOVIC Rada;Rada:DRASKOVIC:DRASKOVICH
Depute_e;HAYMOZ William;William:HAYMOZ
Depute_e;BESSE Muriel;Muriel:BESSE
Depute_e;NAINE Marie-Josée;Marie:Josée:NAINE
Depute_e;GHARBI Mohamed;Mohamed:GHARBI:GARBI:GAHRBI
Depute_e;LOOSLI Bertille;Bertille:LOOSLI:Clarence:LOSLI
Depute_e;EMONET Sarah;Sarah:EMONET:EMONNET
Depute_e;MÜLLER Olivier;Olivier:MÜLLER
Depute_e;LODDO Olivier;Olivier:LODDO:HENRIOUD:LODO
Depute_e;BEN CHAABANE Salah;Salah:BEN:CHAABANE:CHABANE:CHAABANNE:CHABANE
Depute_e;DE OLIVEIRA NUNES Vitor;Vitor:DE:OLIVEIRA:NUNES:NUNEZ
Depute_e;MARTIGNONI Alain;Alain:MARTIGNONI
Depute_e;MARÉCHAL Christophe;Christophe:MARÉCHAL
Depute_e;SPAGNOLO Salvatore;Salvatore:SPAGNOLO
Depute_e;PIERRE TOUSSAINT Sircee;Sircee:PIERRE:TOUSSAINT
Depute_e;STEINER Christian;Christian:STEINER
Depute_e;BEUN Christine;Christine:BEUN:Kristine
Depute_e;BISSAT Rose;Rose:BISSAT:Marie:Angeline
Depute_e;GUISY Milène;Milène:GUISY:GUISI
Depute_e;MARTIN Emmanuel;Emmanuel:MARTIN
Depute_e;DUSSAN Julien;Julien:DUSSAN:DUSAN
Depute_e;BONVIN Philippe;Philippe:BONVIN
Depute_e;SAUSER Nicolas;Nicolas:SAUSER
Depute_e;RYSER Alain;Alain:RYSER:RISER
Depute_e;MONNEY Armand;Armand:MONNEY:MONNET
Depute_e;PEYRAUD Alexandre;Alexandre:PEYRAUD:PERAUD:PERRAUT
Depute_e;HÄUSERMANN Elisabeth;Elisabeth:HÄUSERMANN:HAUSERMAN
Depute_e;GAUTROT Maria Magdalena;Maria:Magdalena:GAUTROT:Marielena
Depute_e;FONTANA Jérôme;Jérôme:FONTANA
Depute_e;PIGUET Frédéric;Frédéric:PIGUET:Paul
Depute_e;WUARIN Marc;Marc:WUARIN:VUARIN
Depute_e;SAMIM FIROUZSALARI Atefeh;Atefeh:SAMIM:FIROUZSALARI
Depute_e;BUSTAMANTE HERNANDEZ Eric;Eric:BUSTAMANTE:HERNANDEZ:BUSTAMENTE:HERANDES
Depute_e;HAMOIR Fursy;Fursy:HAMOIR
Depute_e;PREISIG Robert;Robert:PREISIG:PREISSIG
Depute_e;JEANMONOD Christian;Christian:JEANMONOD:JEANMONOT
Depute_e;MEYLAN Jean Michel;Jean:Michel:MEYLAN
Depute_e;CORI Claudio;Claudio:CORI
Depute_e;WITTWER Christoph;Christoph:WITTWER:WITWER
Depute_e;BESOMI Alessandro;Alessandro:BESOMI:Alex
Depute_e;RITTER Sven;Sven:RITTER
Depute_e;DUVNJAK Sanja;Sanja:DUVNJAK:DUVNJACK:DUVJAK
Depute_e;FRAMMERY Chloe;Chloe:FRAMMERY:FRAMERY
Depute_e;FOUDA AMOUGOU Charlotte;Charlotte:FOUDA:AMOUGOU
Depute_e;SCHELLER Gérard;Gérard:SCHELLER
Depute_e;ROSSELLAT Blaise;Blaise:ROSSELLAT:ROSELAT
Depute_e;DACHROUNE Samir;Samir:DACHROUNE
Depute_e;BULT Christoph;Christoph:BULT
Depute_e;MONSHENGWO Jessica;Jessica:MONSHENGWO:MONSHENGO
Depute_e;LOPEZ Julien;Julien:LOPEZ
Depute_e;FRAUDEAU Delphine;Delphine:FRAUDEAU:FRAUDAU
Depute_e;ABESSE Hayet;Hayet:ABESSE:ABESE
Depute_e;GOLAY Séverine;Séverine:GOLAY
Depute_e;JORDAN Claude;Claude:JORDAN
Depute_e;REGAMEY Murielle;Murielle:REGAMEY:REGAMET
Depute_e;SCHUCANI Grégoire;Grégoire:SCHUCANI
Conseiller_ere_d_Etat;EMERY-TORRACINTA Anne;Anne:EMERY:TORRACINTA:TORACINTTA
Conseiller_ere_d_Etat;APOTHÉLOZ Thierry;Thierry:APOTHÉLOZ
Conseiller_ere_d_Etat;SALERNO Sandrine;Sandrine:SALERNO
Conseiller_ere_d_Etat;HODGERS Antonio;Antonio:HODGERS
Conseiller_ere_d_Etat;DE CHASTONAY Marjorie;Marjorie:DE:CHASTONAY:CHASTONNAY
Conseiller_ere_d_Etat;ROCHAT Yvan;Yvan:ROCHAT
Conseiller_ere_d_Etat;HALLER Jocelyne;Jocelyne:HALLER:HALER
Conseiller_ere_d_Etat;WENGER Saliha;Saliha:WENGER:Salika
Conseiller_ere_d_Etat;BURGERMEISTER Jean;Jean:BURGERMEISTER
Conseiller_ere_d_Etat;POGGIA Mauro;Mauro:POGGIA:POGIA
Conseiller_ere_d_Etat;ROCH Ana Belen;Ana:Belen:ROCH
Conseiller_ere_d_Etat;SORMANNI Daniel;Daniel:SORMANNI:SORMANI
Conseiller_ere_d_Etat;MAUDET Pierre;Pierre:MAUDET
Conseiller_ere_d_Etat;DAL BUSCO Serge;Serge:DAL:BUSCO
Conseiller_ere_d_Etat;BARTHASSAT Luc;Luc:BARTHASSAT:BARTASSAT
Conseiller_ere_d_Etat;FONTANET Nathalie;Nathalie:FONTANET:FONTANNET
Conseiller_ere_d_Etat;DE SENARCLENS Alexandre;Alexandre:DE:SENARCLENS:DE SENARCLENT
Conseiller_ere_d_Etat;AMBERGER Axel;Axel:AMBERGER
Conseiller_ere_d_Etat;AYMON Paul;Paul:AYMON:dit:Paul:Sierre
Conseiller_ere_d_Etat;NIDEGGER Yves;Yves:NIDEGGER:NYDEGGER:NIDEGER:NYDEGER
Conseiller_ere_d_Etat;BLÄSI Thomas;Thomas:BLÄSI:BLASI
Conseiller_ere_d_Etat;FLOREY Stéphane;Stéphane:FLOREY:FLOREST
Conseiller_ere_d_Etat;CRETEGNY Willy;Willy:CRETEGNY
Conseiller_ere_d_Etat;ORSINI Magali;Magali:ORSINI
Conseiller_ere_d_Etat;GAUTHIER Pierre;Pierre:GAUTHIER:GAUTIER
Conseiller_ere_d_Etat;STAUFFER Eric;Eric:STAUFFER:STAUFER
Conseiller_ere_d_Etat;ZACHARIAS Ronald;Ronald:ZACHARIAS
Conseiller_ere_d_Etat;VIDONNE Thierry;Thierry:VIDONNE:VIDONNE
Conseiller_ere_d_Etat;LEITNER André;André:LEITNER:LEYTNER
Conseiller_ere_d_Etat;FONTANA Jérôme;Jérôme:FONTANA
Conseiller_ere_d_Etat;AMSLER Susanne;Susanne:AMSLER